,Start,Stop
0,2023-04-01 15:35:14.645968,2023-04-01 15:35:14.693513
1,2023-04-01 15:35:14.838151,2023-04-01 15:35:14.965590
2,2023-04-01 15:35:15.205818,2023-04-01 15:35:15.446048
3,2023-04-01 15:35:15.466089,2023-04-01 15:35:16.230320
4,2023-04-01 15:35:16.918305,2023-04-01 15:35:17.445709
5,2023-04-01 15:35:17.461226,2023-04-01 15:35:17.766015
6,2023-04-01 15:35:18.837754,2023-04-01 15:35:19.765303
7,2023-04-01 15:35:19.814348,2023-04-01 15:35:20.118137
8,2023-04-01 15:35:20.773910,2023-04-01 15:35:20.837969
9,2023-04-01 15:35:20.853985,2023-04-01 15:35:20.917846
10,2023-04-01 15:35:21.029453,2023-04-01 15:35:22.101829
